Record ID,Species,Scientific name,Date (Year),Latitude,Longitude,Type,Warmest Quarter Temperature,Coolest Quarter Temperature,Annual Rainfall
1,Numbat,Myrmecobius fasciatus,1946,-37.65,145.53333,historical,19.08564,8.94513,1018.95898
2,Numbat,Myrmecobius fasciatus,1932,-35.041667,117.533333,historical,19.20237,12.4694,959.979
3,Numbat,Myrmecobius fasciatus,1974,-34.76669868,117.4739997,contemporary,19.68165,11.88157,767.6806
4,Numbat,Myrmecobius fasciatus,1934,-34.766667,117.7,historical,19.52531,11.88551,702.80255
5,Numbat,Myrmecobius fasciatus,1941,-34.6375,117.375,historical,19.56571,11.12159,702.72589
6,Numbat,Myrmecobius fasciatus,1941,-34.6375,117.375,historical,19.56571,11.12159,702.72589
7,Numbat,Myrmecobius fasciatus,1941,-34.6375,117.375,historical,19.56571,11.12159,702.72589
8,Numbat,Myrmecobius fasciatus,1941,-34.6375,117.375,historical,19.56571,11.12159,702.72589
9,Numbat,Myrmecobius fasciatus,1941,-34.6375,117.375,historical,19.56571,11.12159,702.72589
10,Numbat,Myrmecobius fasciatus,1969,-34.630703,117.6649953,contemporary,19.46641,11.10238,654.39124
11,Numbat,Myrmecobius fasciatus,1969,-34.62749811,117.6639988,contemporary,19.46641,11.10238,654.39124
12,Numbat,Myrmecobius fasciatus,1993,-34.56137046,116.6706761,contemporary,19.64423,11.00174,841.2561
13,Numbat,Myrmecobius fasciatus,1936,-34.533333,118.066667,historical,19.68325,11.58762,511.70999
14,Numbat,Myrmecobius fasciatus,1954,-34.50878839,116.6748485,contemporary,19.96308,11.19433,786.7077
15,Numbat,Myrmecobius fasciatus,1863,-34.5,140,historical,22.50578,10.78611,279.6413
16,Numbat,Myrmecobius fasciatus,1863,-34.5,140,historical,22.50578,10.78611,279.6413
17,Numbat,Myrmecobius fasciatus,2003,-34.43749971,116.5988345,contemporary,20.06437,11.11494,757.07202
18,Numbat,Myrmecobius fasciatus,2001,-34.40820683,116.5048012,contemporary,20.16002,11.2169,766.74121
19,Numbat,Myrmecobius fasciatus,2000,-34.40799194,116.5495332,contemporary,20.21733,11.23428,747.09381
20,Numbat,Myrmecobius fasciatus,2003,-34.40164525,116.6077532,contemporary,20.1494,11.06055,725.43811
21,Numbat,Myrmecobius fasciatus,2002,-34.3972697,116.5281039,contemporary,19.9895,10.94401,757.63068
22,Numbat,Myrmecobius fasciatus,2000,-34.39664159,116.5289234,contemporary,19.9895,10.94401,757.63068
23,Numbat,Myrmecobius fasciatus,2004,-34.39637388,116.5320146,contemporary,19.9895,10.94401,757.63068
24,Numbat,Myrmecobius fasciatus,1999,-34.38829913,116.4429129,contemporary,20.22805,11.29474,771.36584
25,Numbat,Myrmecobius fasciatus,1994,-34.37520389,116.5452386,contemporary,20.02482,10.90293,739.72253
26,Numbat,Myrmecobius fasciatus,1928,-34.366667,117.566667,historical,19.97162,10.80275,513.9187
27,Numbat,Myrmecobius fasciatus,1997,-34.35799679,116.5284764,contemporary,19.99825,10.80997,732.06793
28,Numbat,Myrmecobius fasciatus,1996,-34.31521645,116.5433886,contemporary,20.05428,10.72442,704.16559
29,Numbat,Myrmecobius fasciatus,1996,-34.31461783,116.5053514,contemporary,20.12287,10.83906,709.05774
30,Numbat,Myrmecobius fasciatus,2002,-34.30593694,116.5315388,contemporary,20.0478,10.69092,701.98956
31,Numbat,Myrmecobius fasciatus,2001,-34.30316013,116.5895961,contemporary,20.23512,10.82364,673.79547
32,Numbat,Myrmecobius fasciatus,1901,-34.3,117.533333,historical,20.31101,10.98091,481.741
33,Numbat,Myrmecobius fasciatus,1929,-34.3,117.55,historical,20.26548,10.93934,481.24255
34,Numbat,Myrmecobius fasciatus,2002,-34.28748264,116.6077846,contemporary,20.25,10.79367,665.53241
35,Numbat,Myrmecobius fasciatus,1997,-34.27000131,116.641943,contemporary,20.19965,10.65356,656.84644
36,Numbat,Myrmecobius fasciatus,2003,-34.26740515,116.5277877,contemporary,20.12194,10.63642,679.58307
37,Numbat,Myrmecobius fasciatus,1999,-34.26735264,116.5235407,contemporary,20.0749,10.59194,685.5213
38,Numbat,Myrmecobius fasciatus,1999,-34.25943818,116.3704378,contemporary,20.10038,10.74251,732.22498
39,Numbat,Myrmecobius fasciatus,1935,-34.25,116.15,historical,19.83697,10.80009,874.99756
40,Numbat,Myrmecobius fasciatus,2002,-34.25,116.15,contemporary,19.83697,10.80009,874.99756
41,Numbat,Myrmecobius fasciatus,2006,-34.25,116.15,contemporary,19.83697,10.80009,874.99756
42,Numbat,Myrmecobius fasciatus,1991,-34.22943439,116.2457991,contemporary,20.15161,10.88149,783.50336
43,Numbat,Myrmecobius fasciatus,1983,-34.22700447,116.7040019,contemporary,20.49704,10.8413,618.15454
44,Numbat,Myrmecobius fasciatus,2001,-34.22619508,116.6662536,contemporary,20.27891,10.60718,637.51062
45,Numbat,Myrmecobius fasciatus,1999,-34.2228421,116.3565964,contemporary,20.20398,10.73174,720.41962
46,Numbat,Myrmecobius fasciatus,2000,-34.2222623,116.3578168,contemporary,20.20237,10.71718,716.09052
47,Numbat,Myrmecobius fasciatus,1997,-34.22106125,116.4543191,contemporary,20.28857,10.715,673.34991
48,Numbat,Myrmecobius fasciatus,1997,-34.21787335,116.447294,contemporary,20.46239,10.9213,666.25452
49,Numbat,Myrmecobius fasciatus,2000,-34.21571593,116.6287222,contemporary,20.09594,10.38636,651.68103
50,Numbat,Myrmecobius fasciatus,2000,-34.21571593,116.6287222,contemporary,20.09594,10.38636,651.68103
51,Numbat,Myrmecobius fasciatus,2002,-34.20836944,116.6389908,contemporary,20.24932,10.51986,637.27576
52,Numbat,Myrmecobius fasciatus,1997,-34.2058635,116.3871183,contemporary,20.34679,10.81542,694.72296
53,Numbat,Myrmecobius fasciatus,2000,-34.20264091,116.6293223,contemporary,20.22968,10.47111,637.59558
54,Numbat,Myrmecobius fasciatus,1995,-34.197771,116.229801,contemporary,20.02061,10.63569,788.07971
55,Numbat,Myrmecobius fasciatus,1997,-34.19721949,116.371986,contemporary,20.42419,10.87544,691.4798
56,Numbat,Myrmecobius fasciatus,1999,-34.19530838,116.7019529,contemporary,20.25616,10.47926,626.2876
57,Numbat,Myrmecobius fasciatus,2000,-34.19175133,116.607664,contemporary,20.23633,10.45509,637.59436
58,Numbat,Myrmecobius fasciatus,1992,-34.19041935,116.5733646,contemporary,20.37874,10.62953,633.25043
59,Numbat,Myrmecobius fasciatus,1995,-34.18526917,116.3292094,contemporary,20.24068,10.68232,718.10992
60,Numbat,Myrmecobius fasciatus,2000,-34.18317164,116.6039056,contemporary,20.26852,10.46305,634.573
61,Numbat,Myrmecobius fasciatus,2003,-34.17991251,116.2722829,contemporary,20.02574,10.49725,760.26764
62,Numbat,Myrmecobius fasciatus,2002,-34.17761602,116.2944493,contemporary,19.99338,10.4343,753.2774
63,Numbat,Myrmecobius fasciatus,1993,-34.17743094,116.2983463,contemporary,20.07927,10.51073,741.43823
64,Numbat,Myrmecobius fasciatus,1994,-34.17664391,116.403606,contemporary,20.25726,10.58314,685.55725
65,Numbat,Myrmecobius fasciatus,2000,-34.17586637,116.5768125,contemporary,20.37745,10.59547,631.28394
66,Numbat,Myrmecobius fasciatus,2004,-34.166667,116.433333,contemporary,20.2696,10.53293,672.22925
67,Numbat,Myrmecobius fasciatus,2003,-34.16500367,116.6865554,contemporary,20.37566,10.52756,615.263
68,Numbat,Myrmecobius fasciatus,1998,-34.16410724,116.1839982,contemporary,20.06221,10.63719,802.60535
69,Numbat,Myrmecobius fasciatus,1953,-34.16212632,116.4365047,contemporary,20.28094,10.50981,669.66504
70,Numbat,Myrmecobius fasciatus,2001,-34.1601011,116.5844854,contemporary,20.24479,10.38281,635.33978
71,Numbat,Myrmecobius fasciatus,2008,-34.1594,116.60789,contemporary,20.24382,10.37137,630.8678
72,Numbat,Myrmecobius fasciatus,1994,-34.15866376,116.417304,contemporary,20.27852,10.52435,676.38037
73,Numbat,Myrmecobius fasciatus,1997,-34.15839678,116.4574347,contemporary,20.3382,10.54873,655.76337
74,Numbat,Myrmecobius fasciatus,1996,-34.15773452,116.3240138,contemporary,20.14207,10.47463,722.18359
75,Numbat,Myrmecobius fasciatus,2000,-34.15665342,116.631693,contemporary,20.26552,10.38898,626.57629
76,Numbat,Myrmecobius fasciatus,1996,-34.15652758,116.4428122,contemporary,20.28135,10.5022,666.47314
77,Numbat,Myrmecobius fasciatus,1993,-34.15582558,116.3918193,contemporary,20.27183,10.53575,683.90576
78,Numbat,Myrmecobius fasciatus,2000,-34.15529412,116.6295293,contemporary,20.26552,10.38898,626.57629
79,Numbat,Myrmecobius fasciatus,1999,-34.1552867,116.584932,contemporary,20.24479,10.38281,635.33978
80,Numbat,Myrmecobius fasciatus,2000,-34.15297037,116.607301,contemporary,20.23676,10.33671,630.92651
81,Numbat,Myrmecobius fasciatus,1994,-34.15137878,116.4026988,contemporary,20.24709,10.4639,680.23077
82,Numbat,Myrmecobius fasciatus,2000,-34.15124396,116.6322589,contemporary,20.3195,10.41772,620.91473
83,Numbat,Myrmecobius fasciatus,1996,-34.15031988,116.3712486,contemporary,20.48405,10.74947,674.82574
84,Numbat,Myrmecobius fasciatus,1996,-34.14959111,116.5079426,contemporary,20.53391,10.69905,626.68152
85,Numbat,Myrmecobius fasciatus,1993,-34.14910841,116.3994715,contemporary,20.24709,10.4639,680.23077
86,Numbat,Myrmecobius fasciatus,1996,-34.14879274,116.7181815,contemporary,20.40991,10.50227,603.0896
87,Numbat,Myrmecobius fasciatus,1995,-34.14851631,116.3712728,contemporary,20.48405,10.74947,674.82574
88,Numbat,Myrmecobius fasciatus,1994,-34.14446364,116.3723766,contemporary,20.48405,10.74947,674.82574
89,Numbat,Myrmecobius fasciatus,1994,-34.14446364,116.3723766,contemporary,20.48405,10.74947,674.82574
90,Numbat,Myrmecobius fasciatus,1998,-34.14304723,116.2042665,contemporary,20.28307,10.70853,765.67218
91,Numbat,Myrmecobius fasciatus,2003,-34.14282576,116.4644977,contemporary,20.27517,10.41226,657.30811
92,Numbat,Myrmecobius fasciatus,1996,-34.14280326,116.5020055,contemporary,20.39806,10.52065,636.64569
93,Numbat,Myrmecobius fasciatus,2002,-34.14274029,116.5611416,contemporary,20.4555,10.55664,620.11597
94,Numbat,Myrmecobius fasciatus,1999,-34.14086193,116.3734879,contemporary,20.4834,10.71065,672.52081
95,Numbat,Myrmecobius fasciatus,1995,-34.13932726,116.3388026,contemporary,20.16856,10.40467,706.99976
96,Numbat,Myrmecobius fasciatus,1996,-34.13932726,116.3388026,contemporary,20.16856,10.40467,706.99976
97,Numbat,Myrmecobius fasciatus,1996,-34.13905276,116.3724166,contemporary,20.4834,10.71065,672.52081
98,Numbat,Myrmecobius fasciatus,1995,-34.13541767,116.3670207,contemporary,20.41897,10.6501,680.59601
99,Numbat,Myrmecobius fasciatus,2008,-34.135,116.6,contemporary,20.32833,10.40506,622.54944
100,Numbat,Myrmecobius fasciatus,2000,-34.13434383,116.566174,contemporary,20.4555,10.55664,620.11597
101,Numbat,Myrmecobius fasciatus,1972,-34.133333,116.433333,contemporary,20.4367,10.57211,652.64191
102,Numbat,Myrmecobius fasciatus,1994,-34.13287872,116.50099,contemporary,20.21718,10.29444,648.64355
103,Numbat,Myrmecobius fasciatus,1998,-34.13133609,116.2076298,contemporary,20.28551,10.65436,757.06616
104,Numbat,Myrmecobius fasciatus,2003,-34.12848318,116.465857,contemporary,20.26952,10.37261,655.83643
105,Numbat,Myrmecobius fasciatus,2000,-34.125436,116.5987528,contemporary,20.34821,10.39631,619.34344
106,Numbat,Myrmecobius fasciatus,2002,-34.12539927,116.5491723,contemporary,20.46583,10.53954,619.44366
107,Numbat,Myrmecobius fasciatus,1992,-34.12422398,116.5221763,contemporary,20.37055,10.44817,632.18573
108,Numbat,Myrmecobius fasciatus,2000,-34.12265314,116.28429,contemporary,20.15569,10.38641,729.87994
109,Numbat,Myrmecobius fasciatus,2000,-34.12211833,116.5521392,contemporary,20.42641,10.46475,620.41742
110,Numbat,Myrmecobius fasciatus,2002,-34.12089322,116.4076629,contemporary,20.48849,10.60747,653.34296
111,Numbat,Myrmecobius fasciatus,1991,-34.11836375,116.4783039,contemporary,20.24616,10.30326,649.94788
112,Numbat,Myrmecobius fasciatus,2001,-34.11821073,116.4762555,contemporary,20.22854,10.29041,654.12671
113,Numbat,Myrmecobius fasciatus,1994,-34.11665359,116.627952,contemporary,20.30607,10.31514,616.16833
114,Numbat,Myrmecobius fasciatus,2000,-34.11147492,116.6042401,contemporary,20.42322,10.41725,610.69806
115,Numbat,Myrmecobius fasciatus,1992,-34.11082292,116.2425165,contemporary,20.11057,10.35311,749.98773
116,Numbat,Myrmecobius fasciatus,2003,-34.10927948,116.2797839,contemporary,20.13836,10.33107,729.24542
117,Numbat,Myrmecobius fasciatus,2000,-34.10872315,116.5901579,contemporary,20.45007,10.44839,610.39716
118,Numbat,Myrmecobius fasciatus,1994,-34.10792071,116.3688627,contemporary,20.18026,10.27974,688.4032
119,Numbat,Myrmecobius fasciatus,2002,-34.10696487,116.5321938,contemporary,20.41613,10.42897,623.41766
120,Numbat,Myrmecobius fasciatus,1996,-34.10357337,116.5022354,contemporary,20.38815,10.37885,630.55237
121,Numbat,Myrmecobius fasciatus,1994,-34.10348347,116.4783953,contemporary,20.26747,10.26113,644.79462
122,Numbat,Myrmecobius fasciatus,1996,-34.10251388,116.4626811,contemporary,20.35139,10.35918,643.88898
123,Numbat,Myrmecobius fasciatus,1996,-34.10251388,116.4626811,contemporary,20.35139,10.35918,643.88898
124,Numbat,Myrmecobius fasciatus,1995,-34.10233298,116.4247265,contemporary,20.37977,10.41332,653.72418
125,Numbat,Myrmecobius fasciatus,1989,-34.10061543,116.5045077,contemporary,20.38815,10.37885,630.55237
126,Numbat,Myrmecobius fasciatus,1904,-34.1,117.3,historical,20.4973,10.59439,484.59375
127,Numbat,Myrmecobius fasciatus,1904,-34.1,117.3,historical,20.4973,10.59439,484.59375
128,Numbat,Myrmecobius fasciatus,1905,-34.1,117.3,historical,20.4973,10.59439,484.59375
129,Numbat,Myrmecobius fasciatus,1905,-34.1,117.3,historical,20.4973,10.59439,484.59375
130,Numbat,Myrmecobius fasciatus,1905,-34.1,117.3,historical,20.4973,10.59439,484.59375
131,Numbat,Myrmecobius fasciatus,1995,-34.09946827,116.3916916,contemporary,20.38762,10.44334,663.11987
132,Numbat,Myrmecobius fasciatus,1993,-34.09899279,116.3022466,contemporary,20.08014,10.21285,723.52106
133,Numbat,Myrmecobius fasciatus,1994,-34.09894665,116.5927852,contemporary,20.29134,10.24891,619.80719
134,Numbat,Myrmecobius fasciatus,1993,-34.09820577,116.5131078,contemporary,20.31865,10.30139,633.35181
135,Numbat,Myrmecobius fasciatus,2003,-34.09721968,116.4988903,contemporary,20.38815,10.37885,630.55237
136,Numbat,Myrmecobius fasciatus,2006,-34.09669551,116.5699978,contemporary,20.45244,10.42502,611.76105
137,Numbat,Myrmecobius fasciatus,1996,-34.09598371,116.5190937,contemporary,20.32914,10.3086,630.28558
138,Numbat,Myrmecobius fasciatus,1994,-34.09593774,116.4074248,contemporary,20.48839,10.53571,649.20087
139,Numbat,Myrmecobius fasciatus,1999,-34.09459199,116.5115132,contemporary,20.31865,10.30139,633.35181
140,Numbat,Myrmecobius fasciatus,1995,-34.09134552,116.3922917,contemporary,20.3916,10.41231,660.89905
141,Numbat,Myrmecobius fasciatus,1994,-34.09111763,116.5462213,contemporary,20.34126,10.284,623.58997
142,Numbat,Myrmecobius fasciatus,1995,-34.09054247,116.4107252,contemporary,20.48582,10.49765,647.32404
143,Numbat,Myrmecobius fasciatus,2006,-34.090278,116.186111,contemporary,20.17052,10.41596,769.34882
144,Numbat,Myrmecobius fasciatus,1995,-34.08664338,116.3527616,contemporary,20.10139,10.14899,699.44415
145,Numbat,Myrmecobius fasciatus,1999,-34.08652432,116.3305419,contemporary,20.16701,10.23351,701.80756
146,Numbat,Myrmecobius fasciatus,1996,-34.08358268,116.3712112,contemporary,20.28721,10.28522,674.53387
147,Numbat,Myrmecobius fasciatus,1996,-34.08348878,116.3446131,contemporary,20.17957,10.20201,695.16388
148,Numbat,Myrmecobius fasciatus,1992,-34.08344387,116.3446459,contemporary,20.17957,10.20201,695.16388
149,Numbat,Myrmecobius fasciatus,1904,-34.083333,117.333333,historical,20.68862,10.77195,467.46634
150,Numbat,Myrmecobius fasciatus,1904,-34.083333,117.333333,historical,20.68862,10.77195,467.46634
151,Numbat,Myrmecobius fasciatus,1905,-34.083333,117.333333,historical,20.68862,10.77195,467.46634
152,Numbat,Myrmecobius fasciatus,1905,-34.083333,117.333333,historical,20.68862,10.77195,467.46634
153,Numbat,Myrmecobius fasciatus,1905,-34.083333,117.333333,historical,20.68862,10.77195,467.46634
154,Numbat,Myrmecobius fasciatus,2001,-34.083056,116.333333,contemporary,20.12326,10.15511,704.08313
155,Numbat,Myrmecobius fasciatus,1990,-34.08256763,116.5560111,contemporary,20.36202,10.27305,618.57916
156,Numbat,Myrmecobius fasciatus,1995,-34.08251017,116.3387026,contemporary,20.17957,10.20201,695.16388
157,Numbat,Myrmecobius fasciatus,1857,-34.0818,141.9179,historical,24.16587,11.02284,264.87875
158,Numbat,Myrmecobius fasciatus,1996,-34.08163117,116.4335375,contemporary,20.47084,10.43478,640.02313
159,Numbat,Myrmecobius fasciatus,1999,-34.08015819,116.5105122,contemporary,20.518,10.44959,615.73523
160,Numbat,Myrmecobius fasciatus,2002,-34.07725003,116.4418362,contemporary,20.42646,10.38247,640.26013
161,Numbat,Myrmecobius fasciatus,2000,-34.0762291,116.5821858,contemporary,20.3862,10.29251,611.49017
162,Numbat,Myrmecobius fasciatus,1912,-34.075,118.125,historical,20.75697,11.26143,359.64767
163,Numbat,Myrmecobius fasciatus,1992,-34.07394267,116.2596541,contemporary,20.13464,10.24011,733.40436
164,Numbat,Myrmecobius fasciatus,2001,-34.07293718,116.6849983,contemporary,20.50281,10.38341,588.21973
165,Numbat,Myrmecobius fasciatus,2001,-34.07281145,116.6423521,contemporary,20.4788,10.3571,594.78583
166,Numbat,Myrmecobius fasciatus,2001,-34.07240071,116.6564429,contemporary,20.42354,10.29784,597.0802
167,Numbat,Myrmecobius fasciatus,1998,-34.07208339,116.3284772,contemporary,20.23106,10.22808,693.51672
168,Numbat,Myrmecobius fasciatus,2000,-34.0718969,116.6380209,contemporary,20.4788,10.3571,594.78583
169,Numbat,Myrmecobius fasciatus,2000,-34.0718969,116.6380209,contemporary,20.4788,10.3571,594.78583
170,Numbat,Myrmecobius fasciatus,2000,-34.07144756,116.6385647,contemporary,20.4788,10.3571,594.78583
171,Numbat,Myrmecobius fasciatus,2000,-34.07012307,116.648324,contemporary,20.42354,10.29784,597.0802
172,Numbat,Myrmecobius fasciatus,1994,-34.06984951,116.3322879,contemporary,20.23106,10.22808,693.51672
173,Numbat,Myrmecobius fasciatus,2000,-34.06922739,116.6504952,contemporary,20.42354,10.29784,597.0802
174,Numbat,Myrmecobius fasciatus,2003,-34.06692276,116.5047473,contemporary,20.64058,10.55287,608.3645
175,Numbat,Myrmecobius fasciatus,1967,-34.066667,116.716667,contemporary,20.63167,10.52593,576.8327
176,Numbat,Myrmecobius fasciatus,2000,-34.06563523,116.6559283,contemporary,20.42354,10.29784,597.0802
177,Numbat,Myrmecobius fasciatus,1999,-34.06494123,116.5167225,contemporary,20.5901,10.49516,609.33191
178,Numbat,Myrmecobius fasciatus,1999,-34.06494123,116.5167225,contemporary,20.5901,10.49516,609.33191
179,Numbat,Myrmecobius fasciatus,1996,-34.06346355,116.5057318,contemporary,20.64478,10.52494,606.427
180,Numbat,Myrmecobius fasciatus,2000,-34.06114839,116.6640737,contemporary,20.40231,10.24823,595.59998
181,Numbat,Myrmecobius fasciatus,1995,-34.05940709,116.5084644,contemporary,20.57809,10.45047,608.51483
182,Numbat,Myrmecobius fasciatus,2000,-34.05661659,116.6559648,contemporary,20.40552,10.25146,596.70703
183,Numbat,Myrmecobius fasciatus,2001,-34.05651799,116.6223746,contemporary,20.4629,10.31269,597.01013
184,Numbat,Myrmecobius fasciatus,2000,-34.05624545,116.6857644,contemporary,20.46595,10.31688,588.9458
185,Numbat,Myrmecobius fasciatus,1997,-34.05573312,116.6135904,contemporary,20.4089,10.25595,602.13745
186,Numbat,Myrmecobius fasciatus,2001,-34.053911,116.6559757,contemporary,20.40552,10.25146,596.70703
187,Numbat,Myrmecobius fasciatus,2000,-34.05390339,116.6532669,contemporary,20.40552,10.25146,596.70703
188,Numbat,Myrmecobius fasciatus,2000,-34.05389603,116.6506665,contemporary,20.40552,10.25146,596.70703
189,Numbat,Myrmecobius fasciatus,2000,-34.05389603,116.6506665,contemporary,20.40552,10.25146,596.70703
190,Numbat,Myrmecobius fasciatus,2000,-34.05389603,116.6506665,contemporary,20.40552,10.25146,596.70703
191,Numbat,Myrmecobius fasciatus,1993,-34.05348804,116.61956,contemporary,20.43028,10.25041,597.71588
192,Numbat,Myrmecobius fasciatus,2001,-34.05303013,116.663564,contemporary,20.40267,10.22193,594.05035
193,Numbat,Myrmecobius fasciatus,1998,-34.05240687,116.2794526,contemporary,20.22023,10.19612,713.56976
194,Numbat,Myrmecobius fasciatus,2000,-34.05205275,116.6370218,contemporary,20.45261,10.27395,594.77893
195,Numbat,Myrmecobius fasciatus,2000,-34.05205275,116.6370218,contemporary,20.45261,10.27395,594.77893
196,Numbat,Myrmecobius fasciatus,1994,-34.04967435,116.3541153,contemporary,20.45296,10.36636,665.20172
197,Numbat,Myrmecobius fasciatus,1996,-34.04812219,116.631502,contemporary,20.45261,10.27395,594.77893
198,Numbat,Myrmecobius fasciatus,2000,-34.04755606,116.6262064,contemporary,20.43028,10.25041,597.71588
199,Numbat,Myrmecobius fasciatus,2001,-34.04751097,116.6262066,contemporary,20.43028,10.25041,597.71588
200,Numbat,Myrmecobius fasciatus,2001,-34.04749437,116.6207894,contemporary,20.43028,10.25041,597.71588
201,Numbat,Myrmecobius fasciatus,2001,-34.04749437,116.6207894,contemporary,20.43028,10.25041,597.71588
202,Numbat,Myrmecobius fasciatus,1996,-34.04677809,116.6374668,contemporary,20.44295,10.26386,594.04144
203,Numbat,Myrmecobius fasciatus,1996,-34.04635361,116.6434275,contemporary,20.44295,10.26386,594.04144
204,Numbat,Myrmecobius fasciatus,1995,-34.04406218,116.6309779,contemporary,20.45261,10.27395,594.77893
205,Numbat,Myrmecobius fasciatus,2000,-34.04355459,116.6614346,contemporary,20.58571,10.39037,580.7616
206,Numbat,Myrmecobius fasciatus,2003,-34.03909691,116.6671615,contemporary,20.58571,10.39037,580.7616
207,Numbat,Myrmecobius fasciatus,1995,-34.03828295,116.3320045,contemporary,20.53534,10.43167,666.6759
208,Numbat,Myrmecobius fasciatus,1927,-34.033333,117.633333,historical,20.75941,10.82314,405.97644
209,Numbat,Myrmecobius fasciatus,1936,-34.033333,117.633333,historical,20.75941,10.82314,405.97644
210,Numbat,Myrmecobius fasciatus,1996,-34.03234725,116.5075264,contemporary,20.77755,10.57119,591.854
211,Numbat,Myrmecobius fasciatus,1993,-34.03029599,116.3580643,contemporary,20.35706,10.19516,666.4469
212,Numbat,Myrmecobius fasciatus,2001,-34.02898024,116.3901478,contemporary,20.51712,10.33732,641.91516
213,Numbat,Myrmecobius fasciatus,2001,-34.02689158,116.3908885,contemporary,20.51712,10.33732,641.91516
214,Numbat,Myrmecobius fasciatus,1997,-34.01900107,116.5552701,contemporary,20.7321,10.48778,585.42859
215,Numbat,Myrmecobius fasciatus,2001,-34.00697528,116.6426284,contemporary,20.81948,10.56065,565.11365
216,Numbat,Myrmecobius fasciatus,1994,-34.00434793,116.1265129,contemporary,20.57954,10.59339,767.09985
217,Numbat,Myrmecobius fasciatus,1938,-34,116.1,historical,20.38394,10.40028,788.89154
218,Numbat,Myrmecobius fasciatus,1993,-34,116.5,contemporary,20.69797,10.39449,595.0318
219,Numbat,Myrmecobius fasciatus,2003,-33.99392443,116.5181644,contemporary,20.6393,10.33155,594.71222
220,Numbat,Myrmecobius fasciatus,2002,-33.99255177,116.5791311,contemporary,20.76674,10.44019,574.46338
221,Numbat,Myrmecobius fasciatus,1963,-33.99225981,117.0204317,contemporary,20.51377,10.30456,526.20203
222,Numbat,Myrmecobius fasciatus,2000,-33.99064298,116.6102148,contemporary,20.82789,10.51036,566.17908
223,Numbat,Myrmecobius fasciatus,2005,-33.98859709,116.6049947,contemporary,20.83492,10.51645,567.32684
224,Numbat,Myrmecobius fasciatus,1996,-33.97795179,116.5640146,contemporary,20.85869,10.50891,571.60553
225,Numbat,Myrmecobius fasciatus,2001,-33.97005874,116.5269588,contemporary,20.92902,10.55226,574.70178
226,Numbat,Myrmecobius fasciatus,1938,-33.966667,116.133333,historical,21.02484,10.8891,743.95313
227,Numbat,Myrmecobius fasciatus,1937,-33.966667,116.723611,historical,20.59291,10.23306,563.24249
228,Numbat,Myrmecobius fasciatus,1929,-33.966667,118.483333,historical,20.56181,10.84065,384.88586
229,Numbat,Myrmecobius fasciatus,1993,-33.96649313,115.0201615,contemporary,20.213,12.85059,1029.48645
230,Numbat,Myrmecobius fasciatus,2001,-33.96609942,116.5534999,contemporary,20.96094,10.59053,567.04572
231,Numbat,Myrmecobius fasciatus,1857,-33.94815359,141.9590467,historical,24.35515,11.06771,261.09302
232,Numbat,Myrmecobius fasciatus,1995,-33.933333,116.45,contemporary,21.18268,10.70618,578.53253
233,Numbat,Myrmecobius fasciatus,1993,-33.8782253,116.4582844,contemporary,21.00769,10.37706,584.26215
234,Numbat,Myrmecobius fasciatus,1993,-33.86002266,116.6104309,contemporary,21.12074,10.50252,538.91559
235,Numbat,Myrmecobius fasciatus,1973,-33.8545039,115.7119966,contemporary,20.7937,11.16694,902.67816
236,Numbat,Myrmecobius fasciatus,2005,-33.83640392,116.9989949,contemporary,20.8494,10.3637,500.30176
237,Numbat,Myrmecobius fasciatus,1951,-33.83490215,117.1599974,contemporary,20.82039,10.4215,482.07596
238,Numbat,Myrmecobius fasciatus,1951,-33.83490215,117.1599974,contemporary,20.82039,10.4215,482.07596
239,Numbat,Myrmecobius fasciatus,1952,-33.83490215,117.1599974,contemporary,20.82039,10.4215,482.07596
240,Numbat,Myrmecobius fasciatus,2006,-33.81575531,116.0271508,contemporary,20.60226,10.25684,853.52222
241,Numbat,Myrmecobius fasciatus,2004,-33.76704996,116.2834698,contemporary,21.00341,10.21947,683.34253
242,Numbat,Myrmecobius fasciatus,2002,-33.75181864,116.0405522,contemporary,20.76278,10.25217,848.28986
243,Numbat,Myrmecobius fasciatus,1936,-33.666667,117.05,historical,21.36073,10.60656,461.74429
244,Numbat,Myrmecobius fasciatus,1993,-33.66342136,117.5690994,contemporary,21.24558,10.47864,423.40106
245,Numbat,Myrmecobius fasciatus,1928,-33.633333,117.9,historical,21.39124,10.69144,375.31387
246,Numbat,Myrmecobius fasciatus,1934,-33.633333,117.9,historical,21.39124,10.69144,375.31387
247,Numbat,Myrmecobius fasciatus,1961,-33.61415207,117.9758923,contemporary,21.42829,10.74078,370.72815
248,Numbat,Myrmecobius fasciatus,1972,-33.61090261,120.1630022,contemporary,20.96433,12.09706,424.76407
249,Numbat,Myrmecobius fasciatus,1979,-33.58160416,120.0460018,contemporary,21.10667,12.04102,406.27151
250,Numbat,Myrmecobius fasciatus,1965,-33.56219864,117.4330013,contemporary,21.53214,10.62357,417.37265
251,Numbat,Myrmecobius fasciatus,1954,-33.56211031,117.181503,contemporary,21.65427,10.75461,424.67722
252,Numbat,Myrmecobius fasciatus,1954,-33.5487657,118.1481641,contemporary,21.32944,10.55773,369.70944
253,Numbat,Myrmecobius fasciatus,1928,-33.533333,116.116667,historical,21.74913,10.94172,819.09314
254,Numbat,Myrmecobius fasciatus,1982,-33.44660153,116.3160044,contemporary,21.33682,10.21293,720.40143
255,Numbat,Myrmecobius fasciatus,1983,-33.39599958,116.282003,contemporary,21.5768,10.46038,746.15967
256,Numbat,Myrmecobius fasciatus,1984,-33.39599958,116.282003,contemporary,21.5768,10.46038,746.15967
257,Numbat,Myrmecobius fasciatus,1966,-33.3519021,116.1569985,contemporary,21.56712,10.58745,882.58356
258,Numbat,Myrmecobius fasciatus,2004,-33.34749909,116.4871613,contemporary,21.3565,10.06634,640.82306
259,Numbat,Myrmecobius fasciatus,1981,-33.3362963,116.0779995,contemporary,21.79345,10.97901,933.06659
260,Numbat,Myrmecobius fasciatus,1928,-33.333333,116.733333,historical,21.5734,10.23807,515.41785
261,Numbat,Myrmecobius fasciatus,1929,-33.316667,117.333333,historical,22.01447,10.77064,399.72562
262,Numbat,Myrmecobius fasciatus,1932,-33.316667,117.333333,historical,22.01447,10.77064,399.72562
263,Numbat,Myrmecobius fasciatus,1940,-33.316667,117.333333,historical,22.01447,10.77064,399.72562
264,Numbat,Myrmecobius fasciatus,1940,-33.316667,117.333333,historical,22.01447,10.77064,399.72562
265,Numbat,Myrmecobius fasciatus,1940,-33.316667,117.333333,historical,22.01447,10.77064,399.72562
266,Numbat,Myrmecobius fasciatus,1940,-33.316667,117.333333,historical,22.01447,10.77064,399.72562
267,Numbat,Myrmecobius fasciatus,1940,-33.316667,117.333333,historical,22.01447,10.77064,399.72562
268,Numbat,Myrmecobius fasciatus,1992,-33.31617997,116.4997853,contemporary,21.35969,10.03855,634.54663
269,Numbat,Myrmecobius fasciatus,1967,-33.3125,115.981944,contemporary,21.54723,10.95275,1063.57141
270,Numbat,Myrmecobius fasciatus,1993,-33.30630123,116.5105836,contemporary,21.41112,10.07963,626.91669
271,Numbat,Myrmecobius fasciatus,1968,-33.283333,115.983333,contemporary,21.75259,11.18291,1045.35046
272,Numbat,Myrmecobius fasciatus,1968,-33.283333,115.983333,contemporary,21.75259,11.18291,1045.35046
273,Numbat,Myrmecobius fasciatus,1994,-33.27384393,116.5118386,contemporary,21.49408,10.14202,625.90649
274,Numbat,Myrmecobius fasciatus,1944,-33.25,115.833333,historical,22.45967,12.53445,880.07745
275,Numbat,Myrmecobius fasciatus,1939,-33.233333,116.85,historical,21.83479,10.41467,478.80148
276,Numbat,Myrmecobius fasciatus,1960,-33.22839686,117.9280034,contemporary,22.07977,10.69325,348.20496
277,Numbat,Myrmecobius fasciatus,1963,-33.16700443,115.9519946,contemporary,21.56085,11.06545,1114.12048
278,Numbat,Myrmecobius fasciatus,1970,-33.166667,116,contemporary,21.54578,10.90923,1090.91919
279,Numbat,Myrmecobius fasciatus,1956,-33.15490176,115.9320011,contemporary,21.92604,11.529,1096.21497
280,Numbat,Myrmecobius fasciatus,1929,-33.066667,117.233333,historical,22.10525,10.55583,418.21985
281,Numbat,Myrmecobius fasciatus,1929,-33.033333,116.883333,historical,22.17736,10.54394,480.38419
282,Numbat,Myrmecobius fasciatus,1929,-33.033333,116.883333,historical,22.17736,10.54394,480.38419
283,Numbat,Myrmecobius fasciatus,1929,-33.033333,116.883333,historical,22.17736,10.54394,480.38419
284,Numbat,Myrmecobius fasciatus,1929,-33.033333,116.883333,historical,22.17736,10.54394,480.38419
285,Numbat,Myrmecobius fasciatus,1929,-33.033333,116.883333,historical,22.17736,10.54394,480.38419
286,Numbat,Myrmecobius fasciatus,1937,-33.033333,116.883333,historical,22.17736,10.54394,480.38419
287,Numbat,Myrmecobius fasciatus,1937,-33.033333,116.883333,historical,22.17736,10.54394,480.38419
288,Numbat,Myrmecobius fasciatus,1937,-33.033333,116.883333,historical,22.17736,10.54394,480.38419
289,Numbat,Myrmecobius fasciatus,1937,-33.033333,116.883333,historical,22.17736,10.54394,480.38419
290,Numbat,Myrmecobius fasciatus,1937,-33.033333,116.883333,historical,22.17736,10.54394,480.38419
291,Numbat,Myrmecobius fasciatus,2004,-32.96139722,117.1922944,contemporary,22.02601,10.35904,448.26743
292,Numbat,Myrmecobius fasciatus,1997,-32.94076376,116.4559106,contemporary,21.49295,9.9446,707.961
293,Numbat,Myrmecobius fasciatus,1937,-32.93510274,117.1770025,historical,21.99813,10.31358,456.66006
294,Numbat,Myrmecobius fasciatus,1964,-32.93510274,117.1770025,contemporary,21.99813,10.31358,456.66006
295,Numbat,Myrmecobius fasciatus,1969,-32.93510274,117.1770025,contemporary,21.99813,10.31358,456.66006
296,Numbat,Myrmecobius fasciatus,1929,-32.933333,117.183333,historical,22.05496,10.35328,452.04404
297,Numbat,Myrmecobius fasciatus,1936,-32.933333,117.183333,historical,22.05496,10.35328,452.04404
298,Numbat,Myrmecobius fasciatus,1941,-32.933333,117.183333,historical,22.05496,10.35328,452.04404
299,Numbat,Myrmecobius fasciatus,1943,-32.933333,117.183333,historical,22.05496,10.35328,452.04404
300,Numbat,Myrmecobius fasciatus,1943,-32.933333,117.183333,historical,22.05496,10.35328,452.04404
301,Numbat,Myrmecobius fasciatus,1943,-32.933333,117.183333,historical,22.05496,10.35328,452.04404
302,Numbat,Myrmecobius fasciatus,1943,-32.933333,117.183333,historical,22.05496,10.35328,452.04404
303,Numbat,Myrmecobius fasciatus,1943,-32.933333,117.183333,historical,22.05496,10.35328,452.04404
304,Numbat,Myrmecobius fasciatus,1944,-32.933333,117.183333,historical,22.05496,10.35328,452.04404
305,Numbat,Myrmecobius fasciatus,1989,-32.933333,117.183333,contemporary,22.05496,10.35328,452.04404
306,Numbat,Myrmecobius fasciatus,1935,-32.9,117.2,historical,21.95692,10.18933,449.27811
307,Numbat,Myrmecobius fasciatus,1935,-32.9,117.2,historical,21.95692,10.18933,449.27811
308,Numbat,Myrmecobius fasciatus,2000,-32.89222553,116.9777824,contemporary,21.82509,10.02423,490.97894
309,Numbat,Myrmecobius fasciatus,1963,-32.86900274,117.5019963,contemporary,22.27694,10.34714,372.42786
310,Numbat,Myrmecobius fasciatus,1964,-32.866667,116.966667,contemporary,22.23052,10.40267,470.70804
311,Numbat,Myrmecobius fasciatus,1980,-32.85800074,115.9480024,contemporary,22.66994,12.31636,975.54626
312,Numbat,Myrmecobius fasciatus,1954,-32.83211709,115.911502,contemporary,22.98072,12.84294,907.16681
313,Numbat,Myrmecobius fasciatus,1954,-32.81710386,117.1781462,contemporary,22.26327,10.37969,432.76761
314,Numbat,Myrmecobius fasciatus,2007,-32.81313161,116.9263347,contemporary,22.1315,10.19369,483.0209
315,Numbat,Myrmecobius fasciatus,1996,-32.80710095,117.9681612,contemporary,22.39681,10.26951,352.47021
316,Numbat,Myrmecobius fasciatus,2007,-32.80570131,116.9162576,contemporary,22.17666,10.23675,481.89557
317,Numbat,Myrmecobius fasciatus,1960,-32.80389933,116.4710051,contemporary,22.28146,10.61349,640.95728
318,Numbat,Myrmecobius fasciatus,1995,-32.80044836,116.9431568,contemporary,22.24642,10.29997,472.96402
319,Numbat,Myrmecobius fasciatus,1964,-32.8,116.883333,contemporary,22.34617,10.38521,476.7149
320,Numbat,Myrmecobius fasciatus,1995,-32.79452297,117.4364404,contemporary,21.95908,9.92187,403.68027
321,Numbat,Myrmecobius fasciatus,2007,-32.79220114,116.922016,contemporary,22.11232,10.14247,484.29358
322,Numbat,Myrmecobius fasciatus,2001,-32.789444,116.9450006,contemporary,22.18732,10.22377,476.44366
323,Numbat,Myrmecobius fasciatus,2007,-32.7887667,116.943303,contemporary,22.18732,10.22377,476.44366
324,Numbat,Myrmecobius fasciatus,2007,-32.78570031,116.9717967,contemporary,22.26914,10.3156,466.77802
325,Numbat,Myrmecobius fasciatus,2004,-32.78560156,116.9739966,contemporary,22.26914,10.3156,466.77802
326,Numbat,Myrmecobius fasciatus,2007,-32.78557407,116.9719996,contemporary,22.26914,10.3156,466.77802
327,Numbat,Myrmecobius fasciatus,1965,-32.783333,116.966667,contemporary,22.17601,10.20148,473.77432
328,Numbat,Myrmecobius fasciatus,1965,-32.783333,116.966667,contemporary,22.17601,10.20148,473.77432
329,Numbat,Myrmecobius fasciatus,1965,-32.783333,116.966667,contemporary,22.17601,10.20148,473.77432
330,Numbat,Myrmecobius fasciatus,1965,-32.783333,116.966667,contemporary,22.17601,10.20148,473.77432
331,Numbat,Myrmecobius fasciatus,1966,-32.783333,116.966667,contemporary,22.17601,10.20148,473.77432
332,Numbat,Myrmecobius fasciatus,1968,-32.783333,116.966667,contemporary,22.17601,10.20148,473.77432
333,Numbat,Myrmecobius fasciatus,1968,-32.783333,116.966667,contemporary,22.17601,10.20148,473.77432
334,Numbat,Myrmecobius fasciatus,1968,-32.783333,116.966667,contemporary,22.17601,10.20148,473.77432
335,Numbat,Myrmecobius fasciatus,1968,-32.783333,116.966667,contemporary,22.17601,10.20148,473.77432
336,Numbat,Myrmecobius fasciatus,1984,-32.783333,116.966667,contemporary,22.17601,10.20148,473.77432
337,Numbat,Myrmecobius fasciatus,1989,-32.783333,116.966667,contemporary,22.17601,10.20148,473.77432
338,Numbat,Myrmecobius fasciatus,1989,-32.783333,116.966667,contemporary,22.17601,10.20148,473.77432
339,Numbat,Myrmecobius fasciatus,1990,-32.783333,116.966667,contemporary,22.17601,10.20148,473.77432
340,Numbat,Myrmecobius fasciatus,1990,-32.783333,116.966667,contemporary,22.17601,10.20148,473.77432
341,Numbat,Myrmecobius fasciatus,2007,-32.78021476,116.9254115,contemporary,22.13565,10.15014,482.91125
342,Numbat,Myrmecobius fasciatus,2007,-32.77744409,116.939701,contemporary,22.08964,10.1085,482.33322
343,Numbat,Myrmecobius fasciatus,2007,-32.77665168,116.9255533,contemporary,22.13565,10.15014,482.91125
344,Numbat,Myrmecobius fasciatus,1971,-32.776389,116.972222,contemporary,22.26023,10.28996,467.13828
345,Numbat,Myrmecobius fasciatus,2007,-32.77589389,116.9425958,contemporary,22.08964,10.1085,482.33322
346,Numbat,Myrmecobius fasciatus,2007,-32.77533407,116.9414322,contemporary,22.08964,10.1085,482.33322
347,Numbat,Myrmecobius fasciatus,2007,-32.77355838,116.9444658,contemporary,22.08964,10.1085,482.33322
348,Numbat,Myrmecobius fasciatus,2007,-32.76723533,116.9454734,contemporary,22.14099,10.14444,479.19269
349,Numbat,Myrmecobius fasciatus,2007,-32.76718048,116.9438185,contemporary,22.14099,10.14444,479.19269
350,Numbat,Myrmecobius fasciatus,2001,-32.766667,116.966667,contemporary,22.08956,10.0971,478.90369
351,Numbat,Myrmecobius fasciatus,2007,-32.76597013,116.9404027,contemporary,22.14099,10.14444,479.19269
352,Numbat,Myrmecobius fasciatus,2007,-32.76556428,116.9405845,contemporary,22.14099,10.14444,479.19269
353,Numbat,Myrmecobius fasciatus,2007,-32.76522078,116.93909,contemporary,22.14099,10.14444,479.19269
354,Numbat,Myrmecobius fasciatus,2007,-32.76425353,116.9350336,contemporary,22.15928,10.16048,479.78607
355,Numbat,Myrmecobius fasciatus,2008,-32.76338889,117.0349472,contemporary,22.30696,10.3187,453.90771
356,Numbat,Myrmecobius fasciatus,2007,-32.76089759,116.9550537,contemporary,22.14924,10.13906,476.94916
357,Numbat,Myrmecobius fasciatus,1973,-32.75740392,118.6770042,contemporary,22.90602,10.7438,332.78912
358,Numbat,Myrmecobius fasciatus,2008,-32.75481593,116.9505197,contemporary,22.14924,10.13906,476.94916
359,Numbat,Myrmecobius fasciatus,2008,-32.75384176,116.9506804,contemporary,22.14924,10.13906,476.94916
360,Numbat,Myrmecobius fasciatus,2007,-32.7536491,116.9687003,contemporary,22.27184,10.26864,466.15652
361,Numbat,Myrmecobius fasciatus,1954,-32.75,116.9166667,contemporary,22.22719,10.19228,479.20911
362,Numbat,Myrmecobius fasciatus,1983,-32.7499991,118.6249949,contemporary,22.99625,10.81408,330.08307
363,Numbat,Myrmecobius fasciatus,1965,-32.74340059,117.175,contemporary,22.56343,10.54843,413.96719
364,Numbat,Myrmecobius fasciatus,1979,-32.73839996,117.1639967,contemporary,22.58587,10.57318,414.48953
365,Numbat,Myrmecobius fasciatus,1981,-32.73839996,117.1639967,contemporary,22.58587,10.57318,414.48953
366,Numbat,Myrmecobius fasciatus,1984,-32.72919934,116.0610045,contemporary,22.18459,11.31097,1087.3595
367,Numbat,Myrmecobius fasciatus,2001,-32.71860859,117.2011063,contemporary,22.56377,10.50695,407.88876
368,Numbat,Myrmecobius fasciatus,1972,-32.71043867,116.064818,contemporary,22.04115,11.12978,1120.97339
369,Numbat,Myrmecobius fasciatus,1999,-32.70719967,118.9439557,contemporary,22.55583,10.31646,352.96588
370,Numbat,Myrmecobius fasciatus,1926,-32.7,117.1,historical,22.46872,10.38843,430.45993
371,Numbat,Myrmecobius fasciatus,1927,-32.7,117.1,historical,22.46872,10.38843,430.45993
372,Numbat,Myrmecobius fasciatus,1927,-32.7,117.1,historical,22.46872,10.38843,430.45993
373,Numbat,Myrmecobius fasciatus,1927,-32.7,117.1,historical,22.46872,10.38843,430.45993
374,Numbat,Myrmecobius fasciatus,1928,-32.7,117.1,historical,22.46872,10.38843,430.45993
375,Numbat,Myrmecobius fasciatus,1998,-32.69508827,118.9601394,contemporary,22.38177,10.11338,360.73251
376,Numbat,Myrmecobius fasciatus,1944,-32.683333,116.55,historical,22.17453,10.22912,605.56561
377,Numbat,Myrmecobius fasciatus,1965,-32.683333,116.55,contemporary,22.17453,10.22912,605.56561
378,Numbat,Myrmecobius fasciatus,1971,-32.683333,118.45,contemporary,23.09917,10.75736,330.21689
379,Numbat,Myrmecobius fasciatus,1960,-32.67980056,116.6740029,contemporary,22.5757,10.44448,520.96161
380,Numbat,Myrmecobius fasciatus,1961,-32.67980056,116.6740029,contemporary,22.5757,10.44448,520.96161
381,Numbat,Myrmecobius fasciatus,1964,-32.67980056,116.6740029,contemporary,22.5757,10.44448,520.96161
382,Numbat,Myrmecobius fasciatus,1964,-32.6697035,118.1539977,contemporary,22.94491,10.58099,334.26041
383,Numbat,Myrmecobius fasciatus,1965,-32.666667,117.133333,contemporary,22.75133,10.62605,408.2576
384,Numbat,Myrmecobius fasciatus,1981,-32.66160446,116.9040003,contemporary,22.78887,10.61096,448.92615
385,Numbat,Myrmecobius fasciatus,1959,-32.66039917,117.1229999,contemporary,22.79679,10.6567,407.27704
386,Numbat,Myrmecobius fasciatus,1960,-32.6533034,116.497997,contemporary,21.98465,10.10454,656.50537
387,Numbat,Myrmecobius fasciatus,1979,-32.65060266,116.4119957,contemporary,22.29141,10.58776,710.55566
388,Numbat,Myrmecobius fasciatus,1974,-32.643056,116.479167,contemporary,21.9533,10.10266,674.91357
389,Numbat,Myrmecobius fasciatus,1965,-32.64080162,117.2480036,contemporary,22.48944,10.27363,402.21091
390,Numbat,Myrmecobius fasciatus,1960,-32.633333,115.866667,contemporary,23.29802,13.45111,840.41956
391,Numbat,Myrmecobius fasciatus,1981,-32.62469583,116.4520003,contemporary,21.84437,10.04626,709.74707
392,Numbat,Myrmecobius fasciatus,1960,-32.61799852,116.4700013,contemporary,21.9748,10.12563,682.93158
393,Numbat,Myrmecobius fasciatus,1981,-32.60719801,116.4629989,contemporary,22.09973,10.2582,681.38544
394,Numbat,Myrmecobius fasciatus,1980,-32.60510092,116.461999,contemporary,22.09973,10.2582,681.38544
395,Numbat,Myrmecobius fasciatus,1981,-32.60339642,116.459995,contemporary,22.09973,10.2582,681.38544
396,Numbat,Myrmecobius fasciatus,1929,-32.6,116.65,historical,22.22801,10.06495,559.03046
397,Numbat,Myrmecobius fasciatus,1960,-32.59440241,117.6220028,contemporary,23.16751,10.81771,341.28235
398,Numbat,Myrmecobius fasciatus,1963,-32.58230324,116.448998,contemporary,22.17801,10.32921,686.43652
399,Numbat,Myrmecobius fasciatus,1979,-32.58109626,116.4989964,contemporary,22.23837,10.2915,644.38635
400,Numbat,Myrmecobius fasciatus,1963,-32.57669753,116.4420007,contemporary,22.24229,10.41238,691.04987
401,Numbat,Myrmecobius fasciatus,1958,-32.57459641,117.097995,contemporary,22.89786,10.6344,404.37158
402,Numbat,Myrmecobius fasciatus,1980,-32.56709665,117.6539963,contemporary,23.17315,10.76975,340.17139
403,Numbat,Myrmecobius fasciatus,2000,-32.56500057,117.3530547,contemporary,22.6373,10.27128,380.59073
404,Numbat,Myrmecobius fasciatus,1961,-32.54399769,117.0850003,contemporary,22.79135,10.4733,414.92288
405,Numbat,Myrmecobius fasciatus,1974,-32.54345643,117.0849998,contemporary,22.79135,10.4733,414.92288
406,Numbat,Myrmecobius fasciatus,1991,-32.53839422,117.3171892,contemporary,22.59274,10.18321,388.42068
407,Numbat,Myrmecobius fasciatus,1983,-32.53700179,117.3219979,contemporary,22.58926,10.17672,387.41748
408,Numbat,Myrmecobius fasciatus,1987,-32.53560796,117.3202677,contemporary,22.58926,10.17672,387.41748
409,Numbat,Myrmecobius fasciatus,2002,-32.53389109,115.7786145,contemporary,23.28604,13.84346,814.39642
410,Numbat,Myrmecobius fasciatus,1906,-32.53333333,117.0833333,historical,23.05436,10.71038,400.69824
411,Numbat,Myrmecobius fasciatus,1941,-32.533333,117.083333,historical,23.05436,10.71038,400.69824
412,Numbat,Myrmecobius fasciatus,1941,-32.533333,117.083333,historical,23.05436,10.71038,400.69824
413,Numbat,Myrmecobius fasciatus,1942,-32.533333,117.083333,historical,23.05436,10.71038,400.69824
414,Numbat,Myrmecobius fasciatus,1962,-32.533333,117.083333,contemporary,23.05436,10.71038,400.69824
415,Numbat,Myrmecobius fasciatus,1987,-32.533333,117.083333,contemporary,23.05436,10.71038,400.69824
416,Numbat,Myrmecobius fasciatus,1987,-32.533333,117.083333,contemporary,23.05436,10.71038,400.69824
417,Numbat,Myrmecobius fasciatus,1990,-32.533333,117.083333,contemporary,23.05436,10.71038,400.69824
418,Numbat,Myrmecobius fasciatus,1974,-32.53259564,117.3200015,contemporary,22.68796,10.26102,381.56079
419,Numbat,Myrmecobius fasciatus,2006,-32.52698187,117.331503,contemporary,22.85829,10.43471,370.13498
420,Numbat,Myrmecobius fasciatus,1967,-32.52420338,116.3910031,contemporary,22.46407,10.69298,738.64282
421,Numbat,Myrmecobius fasciatus,1960,-32.5237966,117.1469949,contemporary,22.65353,10.27433,412.83621
422,Numbat,Myrmecobius fasciatus,1958,-32.5123023,117.3290004,contemporary,23.0949,10.64312,356.56094
423,Numbat,Myrmecobius fasciatus,1984,-32.5005023,116.3629964,contemporary,22.33734,10.60793,789.6944
424,Numbat,Myrmecobius fasciatus,1933,-32.5,116.5,historical,22.10748,10.10833,669.4519
425,Numbat,Myrmecobius fasciatus,1935,-32.5,116.980556,historical,22.86699,10.42466,434.91776
426,Numbat,Myrmecobius fasciatus,1906,-32.5,117.1,historical,23.07258,10.65383,397.92456
427,Numbat,Myrmecobius fasciatus,1999,-32.49874958,119.0014806,contemporary,23.38522,10.76646,347.26379
428,Numbat,Myrmecobius fasciatus,2008,-32.496,116.884,contemporary,22.76266,10.32531,461.66238
429,Numbat,Myrmecobius fasciatus,2000,-32.48860903,116.9305598,contemporary,22.80734,10.34487,449.45041
430,Numbat,Myrmecobius fasciatus,1986,-32.48633616,116.8825486,contemporary,22.87276,10.41563,455.75729
431,Numbat,Myrmecobius fasciatus,1985,-32.48182905,116.8862795,contemporary,22.95614,10.48007,451.58862
432,Numbat,Myrmecobius fasciatus,1979,-32.41110275,116.2819957,contemporary,22.48873,10.88499,901.70227
433,Numbat,Myrmecobius fasciatus,1934,-32.4,117,historical,23.46135,10.78728,409.67572
434,Numbat,Myrmecobius fasciatus,1934,-32.4,117,historical,23.46135,10.78728,409.67572
435,Numbat,Myrmecobius fasciatus,1934,-32.4,117,historical,23.46135,10.78728,409.67572
436,Numbat,Myrmecobius fasciatus,1934,-32.4,117,historical,23.46135,10.78728,409.67572
437,Numbat,Myrmecobius fasciatus,1930,-32.4,117.283333,historical,23.64616,11.01191,338.52051
438,Numbat,Myrmecobius fasciatus,1968,-32.39820338,116.7359996,contemporary,23.00879,10.52825,487.21014
439,Numbat,Myrmecobius fasciatus,1978,-32.39500441,116.725004,contemporary,23.00049,10.53213,490.48145
440,Numbat,Myrmecobius fasciatus,1981,-32.39500441,116.725004,contemporary,23.00049,10.53213,490.48145
441,Numbat,Myrmecobius fasciatus,1982,-32.39389798,116.2660027,contemporary,22.46149,10.9016,932.75891
442,Numbat,Myrmecobius fasciatus,1982,-32.38830327,116.2579998,contemporary,22.60096,11.03535,924.26813
443,Numbat,Myrmecobius fasciatus,1976,-32.38259944,116.7330045,contemporary,22.89572,10.39824,496.10071
444,Numbat,Myrmecobius fasciatus,1982,-32.38259944,116.7330045,contemporary,22.89572,10.39824,496.10071
445,Numbat,Myrmecobius fasciatus,1963,-32.36759834,116.2410028,contemporary,22.18851,10.68982,981.20038
446,Numbat,Myrmecobius fasciatus,1984,-32.36710091,116.0709953,contemporary,22.59866,11.54434,1080.53784
447,Numbat,Myrmecobius fasciatus,1934,-32.366667,117,historical,23.62808,10.88772,404.59164
448,Numbat,Myrmecobius fasciatus,1934,-32.366667,117,historical,23.62808,10.88772,404.59164
449,Numbat,Myrmecobius fasciatus,1934,-32.366667,117,historical,23.62808,10.88772,404.59164
450,Numbat,Myrmecobius fasciatus,1934,-32.366667,117,historical,23.62808,10.88772,404.59164
451,Numbat,Myrmecobius fasciatus,1934,-32.366667,117,historical,23.62808,10.88772,404.59164
452,Numbat,Myrmecobius fasciatus,1935,-32.366667,117,historical,23.62808,10.88772,404.59164
453,Numbat,Myrmecobius fasciatus,1940,-32.366667,117,historical,23.62808,10.88772,404.59164
454,Numbat,Myrmecobius fasciatus,1979,-32.36640135,116.0739998,contemporary,22.59866,11.54434,1080.53784
455,Numbat,Myrmecobius fasciatus,1997,-32.3626805,116.1071773,contemporary,22.78822,11.64767,1048.84583
456,Numbat,Myrmecobius fasciatus,1967,-32.36128428,116.1681552,contemporary,22.78306,11.43772,1012.35736
457,Numbat,Myrmecobius fasciatus,1984,-32.36030042,116.0810022,contemporary,22.58783,11.5061,1080.49939
458,Numbat,Myrmecobius fasciatus,1996,-32.35989426,116.117599,contemporary,22.74821,11.54281,1047.00732
459,Numbat,Myrmecobius fasciatus,1984,-32.35959677,116.0809987,contemporary,22.58783,11.5061,1080.49939
460,Numbat,Myrmecobius fasciatus,1981,-32.35879962,116.2329989,contemporary,22.51572,11.02348,979.99438
461,Numbat,Myrmecobius fasciatus,1984,-32.35840392,116.077004,contemporary,22.57277,11.52566,1084.22705
462,Numbat,Myrmecobius fasciatus,1996,-32.35156243,116.110379,contemporary,22.71737,11.54697,1057.42139
463,Numbat,Myrmecobius fasciatus,1921,-32.333333,116.1,historical,22.63523,11.50873,1073.64648
464,Numbat,Myrmecobius fasciatus,1951,-32.333333,116.116667,contemporary,22.50351,11.34844,1082.72302
465,Numbat,Myrmecobius fasciatus,1976,-32.333333,116.216667,contemporary,22.45697,11.02479,1016.53809
466,Numbat,Myrmecobius fasciatus,1970,-32.33019716,117.8760036,contemporary,23.46475,10.70318,340.29849
467,Numbat,Myrmecobius fasciatus,1982,-32.28850127,116.1899965,contemporary,22.52837,11.16218,1037.51282
468,Numbat,Myrmecobius fasciatus,1976,-32.28719707,116.1920046,contemporary,22.52837,11.16218,1037.51282
469,Numbat,Myrmecobius fasciatus,1982,-32.28719707,116.1920046,contemporary,22.52837,11.16218,1037.51282
470,Numbat,Myrmecobius fasciatus,1982,-32.26340308,116.157997,contemporary,22.67555,11.39828,1046.82336
471,Numbat,Myrmecobius fasciatus,1984,-32.25959918,116.193003,contemporary,23.01955,11.64237,982.42981
472,Numbat,Myrmecobius fasciatus,1970,-32.24899943,116.1490008,contemporary,22.79459,11.55233,1038.36646
473,Numbat,Myrmecobius fasciatus,1982,-32.24760341,116.1479948,contemporary,22.79459,11.55233,1038.36646
474,Numbat,Myrmecobius fasciatus,1982,-32.24760341,116.1479948,contemporary,22.79459,11.55233,1038.36646
475,Numbat,Myrmecobius fasciatus,1982,-32.24760341,116.1479948,contemporary,22.79459,11.55233,1038.36646
476,Numbat,Myrmecobius fasciatus,1982,-32.24760341,116.1479948,contemporary,22.79459,11.55233,1038.36646
477,Numbat,Myrmecobius fasciatus,1983,-32.24760341,116.1479948,contemporary,22.79459,11.55233,1038.36646
478,Numbat,Myrmecobius fasciatus,1979,-32.23450046,116.1420037,contemporary,22.36863,11.18911,1065.04578
479,Numbat,Myrmecobius fasciatus,1934,-32.216667,116,historical,23.85723,13.19583,843.50085
480,Numbat,Myrmecobius fasciatus,1961,-32.21430369,120.2080035,contemporary,23.31518,10.98406,312.16647
481,Numbat,Myrmecobius fasciatus,1975,-32.20019939,116.0639957,contemporary,23.25957,12.32134,1004.73792
482,Numbat,Myrmecobius fasciatus,1977,-32.2,116.108333,contemporary,22.70587,11.6248,1057.28784
483,Numbat,Myrmecobius fasciatus,1924,-32.166667,116.05,historical,22.92063,12.04252,1055.73645
484,Numbat,Myrmecobius fasciatus,1924,-32.166667,116.05,historical,22.92063,12.04252,1055.73645
485,Numbat,Myrmecobius fasciatus,1996,-32.16544063,116.3681494,contemporary,23.11921,11.22957,760.39032
486,Numbat,Myrmecobius fasciatus,1984,-32.16010278,115.8330015,contemporary,23.55819,13.74368,774.79138
487,Numbat,Myrmecobius fasciatus,1974,-32.15960415,116.0280048,contemporary,23.33903,12.50839,986.29297
488,Numbat,Myrmecobius fasciatus,1972,-32.15879953,115.9219996,contemporary,23.86098,13.54553,799.27911
489,Numbat,Myrmecobius fasciatus,1972,-32.15360349,115.9219972,contemporary,23.86098,13.54553,799.27911
490,Numbat,Myrmecobius fasciatus,1972,-32.1505024,116.0750016,contemporary,23.34278,12.36359,993.78265
491,Numbat,Myrmecobius fasciatus,1972,-32.1505024,116.0750016,contemporary,23.34278,12.36359,993.78265
492,Numbat,Myrmecobius fasciatus,1942,-32.15,116,historical,24.02103,13.30381,825.8277
493,Numbat,Myrmecobius fasciatus,1983,-32.14769957,115.9299979,contemporary,23.906,13.52982,800.26221
494,Numbat,Myrmecobius fasciatus,1983,-32.14739865,115.9610051,contemporary,23.99876,13.47303,804.56671
495,Numbat,Myrmecobius fasciatus,1982,-32.12780184,115.8539995,contemporary,23.5762,13.62676,791.22925
496,Numbat,Myrmecobius fasciatus,1996,-32.1258411,116.2970554,contemporary,21.95563,10.39197,904.60052
497,Numbat,Myrmecobius fasciatus,1996,-32.12327969,116.2971704,contemporary,22.28782,10.71023,890.84601
498,Numbat,Myrmecobius fasciatus,1996,-32.11710026,116.2923417,contemporary,22.28782,10.71023,890.84601
499,Numbat,Myrmecobius fasciatus,1996,-32.11344697,116.2907906,contemporary,22.28782,10.71023,890.84601
500,Numbat,Myrmecobius fasciatus,1996,-32.10914433,116.2892763,contemporary,22.44658,10.86066,881.79779
501,Numbat,Myrmecobius fasciatus,1926,-32.1,118.366667,historical,24.30038,11.21892,328.40323
502,Numbat,Myrmecobius fasciatus,1999,-32.09974717,116.3958924,contemporary,23.41274,11.42879,708.17938
503,Numbat,Myrmecobius fasciatus,1989,-32.09878278,115.8681493,contemporary,23.7319,13.64269,784.87622
504,Numbat,Myrmecobius fasciatus,1999,-32.09737064,116.3969678,contemporary,23.41274,11.42879,708.17938
505,Numbat,Myrmecobius fasciatus,1999,-32.09533609,116.3773437,contemporary,23.57719,11.63559,714.79651
506,Numbat,Myrmecobius fasciatus,1998,-32.0951361,116.3900093,contemporary,23.41274,11.42879,708.17938
507,Numbat,Myrmecobius fasciatus,1999,-32.09277699,116.3890712,contemporary,23.55571,11.55516,695.05737
508,Numbat,Myrmecobius fasciatus,1998,-32.09079357,116.3856085,contemporary,23.63424,11.65533,698.37476
509,Numbat,Myrmecobius fasciatus,1981,-32.07520267,115.9219965,contemporary,23.98216,13.57402,789.66492
510,Numbat,Myrmecobius fasciatus,1981,-32.07209733,115.9259953,contemporary,24.0056,13.58153,787.27344
511,Numbat,Myrmecobius fasciatus,2001,-32.06720022,120.8589965,contemporary,23.50397,11.19305,292.34158
512,Numbat,Myrmecobius fasciatus,1964,-32.0271959,116.2799979,contemporary,23.0277,11.42363,839.58704
513,Numbat,Myrmecobius fasciatus,1981,-32.02569589,116.2499989,contemporary,24.02446,12.36965,784.74072
514,Numbat,Myrmecobius fasciatus,1977,-31.9720015,116.377003,contemporary,23.67216,11.68718,674.86151
515,Numbat,Myrmecobius fasciatus,1927,-31.95,115.85,historical,23.93797,13.74081,753.34222
516,Numbat,Myrmecobius fasciatus,1963,-31.95,116.133333,contemporary,24.20717,12.82457,829.98468
517,Numbat,Myrmecobius fasciatus,1974,-31.94010054,116.2470026,contemporary,23.37518,11.81763,835.69769
518,Numbat,Myrmecobius fasciatus,1984,-31.93639903,116.1740043,contemporary,23.16578,11.85926,910.32965
519,Numbat,Myrmecobius fasciatus,1980,-31.93470282,116.1399975,contemporary,23.87442,12.51602,885.20953
520,Numbat,Myrmecobius fasciatus,1937,-31.916667,115.9,historical,24.12142,13.52614,772.52527
521,Numbat,Myrmecobius fasciatus,1981,-31.90710387,116.3490017,contemporary,23.78262,11.81914,676.47687
522,Numbat,Myrmecobius fasciatus,1983,-31.89469925,116.6360022,contemporary,23.48752,10.74521,519.55414
523,Numbat,Myrmecobius fasciatus,1979,-31.88699915,116.5629985,contemporary,23.44501,10.91311,551.9964
524,Numbat,Myrmecobius fasciatus,1961,-31.88279949,116.3130017,contemporary,23.25992,11.48429,751.41431
525,Numbat,Myrmecobius fasciatus,1981,-31.84359663,116.3140005,contemporary,23.36352,11.55454,737.59113
526,Numbat,Myrmecobius fasciatus,1994,-31.81979843,116.2486991,contemporary,23.56403,11.85804,775.04144
527,Numbat,Myrmecobius fasciatus,1996,-31.81979843,116.2486991,contemporary,23.56403,11.85804,775.04144
528,Numbat,Myrmecobius fasciatus,1999,-31.81979843,116.2486991,contemporary,23.56403,11.85804,775.04144
529,Numbat,Myrmecobius fasciatus,1928,-31.583333,117.983333,historical,25.15263,11.68495,302.77539
530,Numbat,Myrmecobius fasciatus,1932,-31.483333,118.266667,historical,25.11094,11.40233,318.30304
531,Numbat,Myrmecobius fasciatus,1919,-31.3,119.65,historical,24.88116,10.89667,302.84018
532,Numbat,Myrmecobius fasciatus,1919,-31.245833,118.433333,historical,25.44,11.47244,313.9386
533,Numbat,Myrmecobius fasciatus,1928,-31.15,118,historical,25.45059,11.68441,306.65167
534,Numbat,Myrmecobius fasciatus,1928,-31.15,118,historical,25.45059,11.68441,306.65167
535,Numbat,Myrmecobius fasciatus,1928,-31.15,118,historical,25.45059,11.68441,306.65167
536,Numbat,Myrmecobius fasciatus,1928,-31.15,118,historical,25.45059,11.68441,306.65167
537,Numbat,Myrmecobius fasciatus,1895,-31,141,historical,27.41047,12.30369,193.37053
538,Numbat,Myrmecobius fasciatus,1928,-30.816667,117.85,historical,25.73223,11.89047,302.96262
539,Numbat,Myrmecobius fasciatus,1925,-30.8,117.666667,historical,25.67007,11.85777,300.33017
540,Numbat,Myrmecobius fasciatus,1930,-30.8,117.683333,historical,25.68714,11.86943,300.66696
541,Numbat,Myrmecobius fasciatus,1927,-30.75,121.466667,historical,25.42243,12.02344,271.51425
542,Numbat,Myrmecobius fasciatus,2005,-30.46950031,118.0779992,contemporary,25.98237,11.46943,319.02335
543,Numbat,Myrmecobius fasciatus,1986,-30.06125564,118.0177372,contemporary,26.82268,11.83827,301.47574
544,Numbat,Myrmecobius fasciatus,1973,-29.99999858,118.2647952,contemporary,27.05465,11.89766,287.41159
545,Numbat,Myrmecobius fasciatus,1963,-28.88990035,115.8419997,contemporary,27.29506,12.85366,319.13486
546,Numbat,Myrmecobius fasciatus,1918,-28.683333,122.5,historical,27.31636,12.49398,256.59631
547,Numbat,Myrmecobius fasciatus,1918,-28.6820237,122.4014197,historical,27.47031,12.63218,253.47408
548,Numbat,Myrmecobius fasciatus,1936,-27.61677,132.91665,historical,27.90724,12.83075,206.13733
549,Numbat,Myrmecobius fasciatus,1936,-27.61677,132.91665,historical,27.90724,12.83075,206.13733
550,Numbat,Myrmecobius fasciatus,1936,-27.61677,132.91665,historical,27.90724,12.83075,206.13733
551,Numbat,Myrmecobius fasciatus,1936,-27.1,132.4333,historical,27.419,12.3124,236.43681
552,Numbat,Myrmecobius fasciatus,1933,-26.85,132.0166667,historical,27.48054,12.39058,249.7363
553,Numbat,Myrmecobius fasciatus,1933,-26.85,132.0166667,historical,27.48054,12.39058,249.7363
554,Numbat,Myrmecobius fasciatus,1933,-26.85,132.0166667,historical,27.48054,12.39058,249.7363
555,Numbat,Myrmecobius fasciatus,1933,-26.85,132.0166667,historical,27.48054,12.39058,249.7363
556,Numbat,Myrmecobius fasciatus,1934,-26.85,132.0166667,historical,27.48054,12.39058,249.7363
557,Numbat,Myrmecobius fasciatus,1931,-26.6667,132.5,historical,27.16164,11.91961,251.8717
558,Numbat,Myrmecobius fasciatus,1931,-26.66522558,132.5013087,historical,27.16164,11.91961,251.8717
559,Numbat,Myrmecobius fasciatus,1931,-26.66522558,132.5013087,historical,27.16164,11.91961,251.8717
560,Numbat,Myrmecobius fasciatus,1931,-26.66522558,132.5013087,historical,27.16164,11.91961,251.8717
561,Numbat,Myrmecobius fasciatus,1931,-26.66522558,132.5013087,historical,27.16164,11.91961,251.8717
562,Numbat,Myrmecobius fasciatus,1931,-26.66522558,132.5013087,historical,27.16164,11.91961,251.8717
563,Numbat,Myrmecobius fasciatus,1931,-26.66522558,132.5013087,historical,27.16164,11.91961,251.8717
564,Numbat,Myrmecobius fasciatus,1939,-25,121,historical,30.54829,14.36774,260.57703
